ED,Street1
10 AVE,W 217
674,W 217
ACADEMY,W 217
AMSTERDAM AVE,W 217
B,W 217
BEAK,W 217
BOLTON RD,W 217
BROADWAY,W 217
C,W 217
COOPER,W 217
CROSBY PL,W 217
CUMMING,W 217
D,W 217
DYCKMAN,W 217
EMERSON,W 217
HAWTHORNE,W 217
INDIAN RD,W 217
ISHAM,W 217
NAGLE AVE,W 217
NICHOLS PL,W 217
NULL,W 217
PARK E TER,W 217
PARK W TER,W 217
PAYSON AVE,W 217
POST AVE,W 217
PRESCOTT AVE,W 217
SEAMAN AVE,W 217
SHERMAN AVE,W 217
VERMILYEA AVE,W 217
W 204,W 217
W 207,W 217
W 211,W 217
W 212,W 217
W 213,W 217
W 214,W 217
W 215,W 217
W 216,W 217
W 217,W 217
W 218,W 217
