ED,street
3,COLUMBIA HTS
7,ADAMS
10,COLUMBIA HTS
20,AMITY
30,BRG RD
31,BRG RD
33,FLEET PL
34,CONCORD PL
35,AMITY
40,BEACH PL
41,BEACH PL
43,1 PL
45,2 PL
47,CLASON AVE
49,DEKALB AVE
50,CLASON AVE
53,CLASON AVE
57,ATLANTIC AVE
59,ATLANTIC AVE
63,10 LN
65,20
69,5 AVE
71,8 AVE
72,ATLANTIC AVE
73,ATLANTIC AVE
75,ATLANTIC AVE
79,1 LN
86,1 LN
87,BEDFORD
88,AUBURN PL
89,BOLIVAR
91,BOLIVAR
92,DEKALB AVE
93,3 AVE
94,5 AVE
96,BAY
102,CHURCH
103,CHURCH
105,1
106,1
112,4
113,1
116,2
117,1
118,1
120,1
121,1
122,3
123,N 2
124,N 2
125,N 2
128,10
132,N 2
133,EWEN
134,BUSHWICK AVE
135,N 10
136,N 2
137,10
138,10
139,12
140,11
141,12
143,EWEN
144,EWEN
151,BARTLETT
154,BEAVER
155,ANN
157,DUCK
158,EMERY
161,APOLLO
162,4
167,BANKER
171,AMOS
172,N 2
173,N 2
174,AGATE
175,E ADAMS
176,E ADAMS
184,12
185,10
186,10
187,5
188,S 10
190,ADELPHI
191,S 11
192,AUBURN PL
201,6 AVE
202,ATLANTIC AVE
209,DEKALB AVE
210,DEKALB AVE
215,BARTLETT
216,FLOYD
218,FLOYD
225,1 LN
226,10 AVE
227,11 LN
228,12 LN
230,10 LN
239,ATLANTIC AVE
240,ATLANTIC AVE
247,ATLANTIC AVE
250,ABERDEEN
3,COLUMBIA PL
5,DOUGHTY
11,FLEETS ALY
12,FRANKLIN PL
13,FRANKLIN PL
25,BOERUM PL
26,CLARK
29,CHARLES
30,CORNELLS ALY
31,CONCORD PL
32,CHAPEL
37,CANAL
38,BUTLER
40,CHEEVER PL
50,DEKALB AVE
51,DEKALB AVE
52,CLASON AVE
53,DEKALB AVE
54,CLASON AVE
55,CLASON AVE
56,CLASON AVE
65,21
71,9 AVE
76,BOERUM PL
82,DEGRAW
83,2 LN
84,2 LN
86,2 LN
88,BEDFORD
90,DEBEVOISE PL
92,FORT GREENE PL
93,CURRAN SQ
95,CANTON
96,BOMPJES HOOK WHARF
100,CENTRE
101,BOMPJES HOOK WHARF
104,5 LN
106,2
113,2
116,3
117,2
119,N 2
120,2
121,2
122,4
125,N 4
128,11
130,EWEN
135,N 11
136,N 7
137,11
138,11
140,12
141,S 2
142,JOHNSON AVE
150,EWEN
152,EWEN
155,ASH
158,GREENE
160,CHARLICK
161,BRIDGEWATER
164,GREENE
171,AMOS
172,BANZETT
173,AGATE
179,BAINBRIDGE
183,BOERUM
185,11
186,8
187,6
190,CANAL
191,1
201,ATLANTIC AVE
203,ATLANTIC AVE
204,ATLANTIC AVE
206,DEKALB AVE
207,DEKALB AVE
211,DEKALB AVE
213,DEKALB AVE
214,ELLERY
215,DELMONICO PL
220,FLOYD
226,11 LN
227,12 LN
231,ATLANTIC AVE
232,ATLANTIC AVE
234,JEFFERSON
235,LEFFERTS PARK
241,ATLANTIC AVE
245,ATLANTIC AVE
249,BUFFALO AVE
4,COLUMBIA
5,FULTON
10,ELIZABETH PL
11,FLINT
14,BRG
15,DEKALB AVE
21,CONCORD
22,CHAPEL
23,FLOODS ALY
24,FLOODS ALY
26,CLINTON
29,CORNELLS ALY
30,DIXONS ALY
33,HUDSON AVE
34,FLEET PL
39,DEGRAW
42,CONOVER
47,GRAHAM
50,GRAHAM
52,DEKALB AVE
53,GRAND AVE
65,22
67,35
69,ADELPHI
73,CLASON AVE
75,BUTLER
76,CONGRESS
81,DEGRAW
85,BUTLER
88,BOLIVAR
90,DEKALB AVE
91,CANTON
94,CURRAN SQ
95,DIVISION
96,BRYANT
97,ELIZABETH
98,IMLAY
100,CHURCH
104,7 LN
105,2
107,3
108,3
112,5
113,3
114,1
118,2
120,3
121,N 2
124,5
128,12
134,EWEN
135,N 12
138,12
140,S 3
141,S 3
146,MAUJER
149,EWEN
155,N BAY
156,BRANT
161,CHARLICK
162,BRIDGEWATER
167,DOBBIN
168,1
170,DIAMOND
172,BENNETT
173,AINSLIE
175,COVERT AVE
181,COOK
186,9
187,7
188,2
190,CARLTON AVE
191,2
198,DEKALB AVE
206,DITMARS
207,KOSCIUSKO
208,STOCKTON
209,KOSCIUSKO
211,KOSCIUSKO
219,FAYETTE
225,2 LN
231,BROOKLYN AVE
236,JEFFERSON
239,BROOKLYN AVE
240,BEDFORD AVE S
243,JEFFERSON
249,CHAUNCEY
2,FURMAN
3,GRACE CT ALY
4,EMMETT
6,CONCORD
9,GRACE CT
15,DUFFIELD
21,GOTHIC ALY
22,CONCORD
25,FLOODS ALY
26,CONCORD
29,DUFFIELD
31,DIXONS ALY
35,COLUMBIA PL
39,HARRISON
41,CONOVER
42,HAMILTON AVE
46,GRAHAM
57,CLASON AVE
65,23
71,BUTLER
81,DOUGLASS
84,3 LN
85,DEGRAW
87,FLEET PL
88,CANTON
89,DUFFIELD TER
91,DEBEVOISE PL
92,NAVY
93,FORT GREENE PL
94,DEKALB AVE
95,ELLIOTT N PL
96,BUSH
103,HAMILTON AVE
106,3
108,4
110,7
111,7
113,4
114,2
118,N 2
119,4
121,3
123,6
125,6
126,N 2
127,N 13
129,HOPE
133,HERBERT
135,N 14
155,BLUE
157,GREENE
163,GREENE
168,2
171,BANZETT
172,BENTON
173,BANZETT
174,BREMEN
176,BREMEN
181,DELMONICO PL
182,GERRY
187,8
188,3
190,CLASON AVE
193,MYRTLE AVE
199,CUMBERLAND
201,DEKALB AVE
206,DODSWORTH
220,LOCUST
232,BREVOORT PL
239,BUTLER
241,BROOKLYN AVE
242,BUTLER
1,FRONT
6,FULTON
11,HOWARD CT
16,HANSON PL
21,HARTS ALY
22,HARPER CT
26,CRANBERRY
27,LITTLE
34,HUDSON AVE
45,COLES
48,RYERSON
49,RYERSON
52,GRAHAM
53,RYERSON
75,CITY LINE
80,HARRISON
85,DOUGLASS
87,GOLD
88,DIVISION
90,ELM PL
91,DEKALB AVE
92,RAYMOND
94,ELLIOTT S PL
96,CLINTON
97,PARTITION
98,RICHARDS
105,3
107,4
108,5
109,5
110,8
111,8
112,6
114,3
118,3
124,6
126,5
127,N 14
128,N 2
135,N 15
139,HEYWARD
143,STAGG
145,MORRELL
151,EWEN
153,MORRELL
156,DUCK
157,HENRY PL
160,FRONT PL
168,3
169,N HENRY
170,EWEN
172,BULLION
180,CENTRAL PL
182,GWINNETT
188,4
190,CLERMONT AVE
199,DEKALB AVE
215,GERRY
219,HOPKINS
225,3 LN
232,FRANKLIN AVE
240,BUTLER
241,BUTLER
244,JEFFERSON
246,JEFFERSON
247,FELLOWS PL
2,LOVE LN
5,HIGH
8,LIVINGSTON
10,FURMAN
12,MARSHALL
13,MARSHALL
25,GALLATIN PL
26,FORCES PL
30,GREEN LN
32,JOHNSON
34,NASSAU PL
36,DEAN
38,DEGRAW
40,DEGRAW
41,FERRY PL
42,IMLAY
49,. JAMES PL
52,KENT AVE
53,SCHENCK
69,CUMBERLAND
75,CLASON AVE
78,WARREN
84,4 LN
87,HUDSON AVE
88,FLEET
91,FLATBUSH AVE
92,. FELIX
96,COLUMBIA
97,RICHARDS
99,CONOVER
100,COMMERCE
101,CHURCH
103,MILL
108,6
109,S 5
110,9
111,9
112,S 6
114,4
115,1
118,4
119,5
121,4
123,7
125,7
126,6
127,4
132,EWEN
135,5
137,9
143,TEN EYCK
146,MORRELL
147,MORRELL
148,MCKIBBIN
150,MCKIBBIN
151,GERRY
159,MONITOR
161,FRONT PL
162,FRONT PL
168,4
171,BENNETT
172,BUSHWICK AVE
173,CALHOUN
174,CENTRAL AVE
176,BURR PL
177,DEKALB AVE
178,DITMARS
188,5
190,CLYMER
191,CROSS
200,DEKALB AVE
206,JEFFERSON PL
213,PULASKI
215,HARRISON AVE
224,9 AVE
5,MAIN
10,GARRISON
13,PHILLIPS ALY
14,JAY
15,FULTON PL
22,LAWRENCE PL
24,PEARL
26,FULTON
28,JACKSON CT
29,HARTS ALY
31,GREEN LN
32,MATILDA PL
33,TILLARY
35,EMMETT
36,EMMETT
38,DOUGLASS
40,EAST RIVER
41,HAMILTON AVE
47,RYERSON
50,RYERSON
52,KOSCIUSKO PL
53,STEUBEN
55,IRVING PL
58,LEXINGTON AVE
71,DEGRAW
74,. MARKS AVE
79,DEGRAW
88,FLUSHING AVE
89,FLEET
91,FORT GREENE PL
93,HUDSON AVE
94,FORT GREENE PL
95,NAVY YARD
98,TREMONT
100,DELEVAN
104,DENNET PL
105,RIVER
107,5
109,6
112,7
114,5
115,2
126,7
127,5
128,N 7
135,6
138,9
140,DIVISION AVE
145,STAGG
149,MCKIBBIN
153,VARET
154,GARDEN
157,HOLLAND
159,MOULTRIE
161,HAUSMAN
169,JEWEL
172,CONSELYEA
173,CATHARINE
177,DODSWORTH
181,GRAHAM AVE
187,CLYMER
188,S 9
190,CROSS
192,PORTLAND AVE N
204,UNDERHILL AVE
206,LAWTON
207,REID AVE
211,SPENCER
214,SANDFORD
216,STOCKTON
219,THORNTON
221,HANSON PL
222,PARK PL
225,4 LN
2,PIERREPONT PL
6,JOHNSON
10,HARRISON CT
13,PLYMOUTH
14,LAWRENCE
16,RAYMOND
21,NASSAU
22,LAWRENCE
23,PEARL
26,GOTHIC ALY
27,UNITED STATES
28,LITTLE
29,HIGH
30,JACKSON CT
31,HIGH
34,PARK AVE
35,FURMAN
38,HARRISON
39,SEDGWICK
40,FERRY PL
47,SCHENCK
50,SCHENCK
52,KOSCIUSKO
58,RYERSON
59,. JAMES PL
62,24
70,. MARKS AVE
71,DOUGLASS
73,. MARKS AVE
84,5 LN
86,DEGRAW
88,HUDSON AVE
89,GOLD
90,FULTON PL
91,FULTON PL
96,CT
109,7
112,8
115,3
119,6
125,8
128,9
131,MORRELL
133,MEEKER AVE
138,SCHOLES
139,MCKIBBIN
141,TEN EYCK
145,TEN EYCK
146,STAGG
148,MORRELL
155,DICK
157,LEYDEN
158,KINGSLAND AVE
169,KINGSLAND AVE
174,COVERT AVE
176,DEBEVOISE
177,ELM
178,HAMBURG
190,CUMBERLAND
208,YATES AVE
220,YATES AVE
223,CARLTON AVE
224,DEGRAW
237,YATES AVE
239,DEGRAW
242,DEGRAW
246,MCDONOUGH
247,HUNTERFLY RD
249,JEFFERSON
1,MCKENNEY
5,NASSAU
8,SCHERMERHORN
10,HENRY
11,SANDS
15,GOLD
22,NUTRIA ALY
23,UNION LN
24,WASHINGTON
26,HIGH
31,HUDSON AVE
32,TILLARY
37,VERANDAH PL
44,RAPELYE
54,SKILLMAN
58,. JAMES PL
59,UNDERHILL AVE
63,23
69,FORT GREENE PL
72,WAVERLY AVE
75,DEGRAW
79,DOUGLASS
86,DOUGLASS
87,NAVY
89,HUDSON AVE
93,LIVINGSTON
95,PORTLAND AVE N
96,CUBA
99,FERRIS
100,GARNET
115,4
125,9
129,TEN EYCK
130,TEN EYCK
139,MIDDLETON
146,TEN EYCK
158,LEYDEN
160,JAVA
170,JANE
171,EWEN
172,GARDNER AVE
173,DICKINSON
174,DEBEVOISE
175,HAMBURG
176,DITMARS
181,LEONARD
182,LYNCH
184,RUTLEDGE
201,PORTLAND AVE S
207,YATES AVE
219,YATES AVE
221,RAYMOND
222,. MARKS AVE
223,DOUGLASS
224,DOUGLASS
225,5 LN
235,YATES AVE
238,VAN BUREN
239,DOUGLASS
240,DEGRAW
241,DEGRAW
242,DOUGLASS
250,COOPER PL
10,HICKS
11,. ANNS CT
12,SANDS
13,PROSPECT TER
14,PEARL
21,SANDS
22,PEARL
23,WASHINGTON
28,UNITED STATES
29,PROSPECT
30,PROSPECT
32,WAY HOME
34,PRINCE CT
39,VAN BRUNT
44,SUMMIT
47,WILLIAMSBURGH RD
56,ORMOND PL
57,HERKIMER
69,S OXFORD
71,GRAND ARMY PLZ
75,DOUGLASS
79,MACOMB
90,GOLD
91,GOLD
93,NAVY
95,TILLARY
98,WILLIAM
101,CUBA
104,HOYT
119,7
125,AINSLIE
131,TEN EYCK
135,GUERNSEY
151,SEIGEL
154,MORRELL
160,JEWEL
161,JEWEL
162,JEWEL
170,KINGSLAND AVE
173,GARDNER AVE
175,INGRAHAM
177,HAMBURG
180,HAMBURG
209,YATES AVE
219,YATES PL
226,8 LN
227,9 AVE
228,9 AVE
240,DOUGLASS
241,DOUGLASS
242,HOPKINSON AVE
243,REID AVE
250,COVERT
10,HOWARD CT
11,STEWARTS ALY
12,TALMAN
13,SANDS
22,STRYKER CT
26,LIBERTY
29,SANDS
30,SANDS
34,TILLARY
44,WOODHULL
45,MANHASSET PL
87,RAYMOND
90,HOYT
91,HANOVER PL
93,NEVINS
94,PORTLAND AVE S
101,DWIGHT
132,MASPETH AVE
139,PENN
154,YATES PL
155,EVE
156,PEQUOT
160,KINGSLAND AVE
161,KINGSLAND AVE
162,KINGSLAND AVE
179,DURYEA
181,MOORE
183,MCKIBBIN
190,GRAHAM
206,REID AVE
222,WYCKOFF
225,6 LN
226,9 AVE
228,HAMILTON AVE
231,MCDONOUGH
232,JEFFERSON
236,YATES AVE
245,MCDONOUGH
246,REID AVE
247,REID AVE
248,REID AVE
249,MARION
10,JAMES
13,TALMAN
25,RED HOOK LN
26,MIDDAGH
29,TALMAN
35,SMOKY HOLLOW
40,SEDGWICK
41,UNION CT
57,JEFFERSON
69,PORTLAND AVE S
88,NAVY YARD
93,RAYMOND
94,. FELIX
96,ELIZABETH
126,JACKSON
127,BANKER
135,JANE
139,RUTLEDGE
151,WALLABOUT
155,FELL
158,PAIDGE AVE
162,LAKE
172,KINGSLAND AVE
173,GUILFORD
174,FORREST
175,JEFFERSON PL
178,MYRTLE
182,MOORE
190,GRAND AVE
226,9 LN
241,MALBONE
243,VAN BUREN
245,SCHENECTADY AVE
249,MCDONOUGH
250,ELDERT
5,PROSPECT
7,WASHINGTON
13,WALDRON PL
15,LAFAYETTE AVE
22,WASHINGTON
25,SMITH
26,MONTAGUE
31,NAVY YARD
40,STRONG PL
63,9 AVE
66,35
71,PARADE PL
90,LAFAYETTE
91,LAFAYETTE
93,SCHERMERHORN
94,WILLOUGHBY
99,INDIA WHARF
101,GRINNELL
104,MANHASSET PL
115,BANKER
125,UNION AVE
126,SKILLMAN AVE
127,JANE
139,SEIGEL
151,WHIPPLE
156,RANTON
168,JANE
171,HAUSMAN
175,JOHNSON AVE
176,FLOYD
178,. NICHOLAS AVE
182,NOSTRAND AVE
183,RUTLEDGE
223,. JOHNS PL
224,MACOMB
225,7 LN
230,9 AVE
231,. ANDREWS PL
239,OLD CLOVE RD
247,SCHENECTADY AVE
249,MCDOUGAL
5,SANDS
6,SPRAGUES ALY
10,MERCEIN
13,WATER
25,UNION LN
26,MUMBYS ALY
31,PRINCE
40,TIFFANY PL
57,ORMOND PL
63,CITY LINE
88,RAYMOND
90,PRINCE
93,. FELIX
96,GRINNELL
99,PRESIDENT
100,KING
101,HALLECK
115,FRANKLIN
127,UNION AVE
156,SETAUKET
158,SUTTON
173,KINGSLAND AVE
174,GEORGE
177,KOSCIUSKO
179,FAIRFAX
181,TOMPKINS AVE
182,SANDFORD
183,SKILLMAN
224,MONTGOMERY
230,BRAXTON
232,MCDONOUGH
240,OLD CLOVE
242,PARK WAY
3,WILLOW
5,YORK
6,TILLARY
10,PLYMOUTH
15,NAVY
25,WASHINGTON
26,MYRTLE AVE
31,SANDS
40,TOMPKINS PL
63,JACKSON PL
71,PARK WAY
88,SYCAMORE
91,RAYMOND
93,STATE
96,HALLECK
99,RAPELYE
115,NASSAU AVE
126,VAN COTT AVE
128,TEN EYCK
135,MANHATTAN AVE
156,SHAWNETT
158,WALLOCK
160,MILTON
169,NASSAU PL
171,HERBERT
172,PARKER
173,LAGRANGE
177,LAWTON
178,STUYVESANT AVE
180,KOSCIUSKO
182,SEIGEL
223,WARREN
224,PARADE PL
225,8 LN
244,YATES AVE
245,YATES AVE
6,WASHINGTON
26,NASSAU
75,PARK WAY
88,TILLARY
91,. FELIX
96,HICKS
99,RICHARDS
135,NEWTON
155,PINK
161,MORGAN AVE
170,OAKLAND
172,PORTER AVE
175,MONTEITH
182,SPENCER
206,YATES AVE
224,E PLZ
225,9 AVE
231,YATES AVE
239,PARK WAY
241,PARK WAY
10,SANDS
26,NAYLORS ALY
31,WAY HOME
63,WEBSTER PL
71,W PLZ
96,LORRAINE
99,SACKETT
155,POTTERY BEACH
160,MORGAN AVE
171,KINGSLAND AVE
172,SCOTT AVE
174,HAMBURG
175,PROSPECT WAY
176,GEORGE
177,. NICHOLAS AVE
179,HAMBURG
225,9 LN
240,PARK WAY
247,UTICA AVE
249,SUMPTER
10,. ANNS CT
26,PIERREPONT
71,PROSPECT PARK
96,OREGON
100,OTSEGO
155,WEST
162,MORSE
168,NORMAN AVE
169,PORTER AVE
172,SENECA AVE
173,MILL PL
175,RANDOLPH
176,HUMBOLDT
190,N OXFORD
225,DENTON PL
26,PINEAPPLE
75,. MARKS AVE
100,RICHARDS
135,VAN COTT AVE
161,NORMAN AVE
162,MOULTRIE
173,MILL
175,ROCK
176,JEFFERSON PL
179,HOPKINSON AVE
180,MAGNOLIA
225,FISKE PL
239,. MARKS AVE
241,SCHENECTADY AVE
250,HOPKINSON AVE
26,SANDS
71,SACKETT
96,PARTITION
99,TREMONT
100,SEABRING
135,VAN PELT AVE
160,NOBLE
168,VAN COTT AVE
170,VAN COTT AVE
172,STEWART AVE
175,SENECA AVE
179,HULL PL
190,PORTLAND AVE N
225,MACOMB
241,. MARKS AVE
242,SCHENECTADY AVE
10,YORK
26,SNELLS ALY
71,. JOHNS PL
96,PERCIVAL
100,SULLIVAN
161,POLLOCK
162,NASSAU PL
169,VAN COTT AVE
170,VAN PELT AVE
172,VANDERVOORT AVE
175,. NICHOLAS AVE
176,MONTEITH
224,. JOHNS PL
225,WHITWELL PL
240,. MARKS AVE
242,. MARKS AVE
250,HULL PL
26,SPRAGUES ALY
71,. MARKS AVE
96,REID
100,TREMONT
101,OREGON
160,PROVOST
169,VANDAM
172,VARICK AVE
174,KNICKERBOCKER AVE
175,THAMES
179,IVY
180,RALPH AVE
242,STONE AVE
68,60
96,RICHARDS
99,WILLIAM
161,SUTTON
162,NORMAN AVE
169,VANDERVOORT AVE
173,PORTER AVE
174,LAGRANGE
176,MYRTLE
179,JACOB
180,RALPH
190,RUTLEDGE
240,WARREN
241,WARREN
250,IVY
26,WASHINGTON PL
96,SIGOURNEY
99,WOODHULL
100,WILLIAM
101,PERCIVAL
160,SUTTON
161,WEBSTER
169,VARICK AVE
175,VANDERVOORT AVE
176,PARK AVE
179,JEFFERSON
180,. NICHOLAS AVE
190,RYERSON
250,JACOB
26,WASHINGTON
71,UNION
96,SULLIVAN
160,VAIL
173,SCOTT AVE
174,MCKIBBIN
175,VARICK AVE
242,WARREN
250,JEFFERSON
160,WRIGHT
162,STEWART AVE
171,SUTTON
173,SENECA AVE
176,PROSPECT WAY
179,MARGARETTA
190,VANDERBILT AVE
101,SULLIVAN
174,MELROSE
176,STOCKTON
179,MARION
190,WAALBOCHT PL
250,LINDEN
96,WHARF
101,WHARF
162,VANDAM
173,SPRUCE
176,STUYVESANT AVE
162,VARICK AVE
171,VAN COTT AVE
173,STEWART AVE
171,VAN PELT AVE
173,VANDERVOORT AVE
174,MONTROSE AVE
176,WALL
190,WILLIAMSBURGH RD
171,VANDAM
173,VARICK AVE
176,YATES PL
179,SARATOGA AVE
250,MAGNOLIA
171,VANDERVOORT AVE
173,WATERBURY
179,SCHAEFFER
250,MARGARETTA
174,MORRELL
171,VARICK
174,OLD BUSHWICK AVE
179,STONE AVE
250,MCDONOUGH
179,SUMPTER
250,MCDOUGAL
174,PROSPECT WAY
179,VAN VOORHIS
250,OCEAN PL
179,VIGELIUS
250,OLIVE PL
250,PALMETTO
179,WOODBINE
179,WYCKOFF AVE
174,SPRUCE
174,. NICHOLAS AVE
174,TEN EYCK
250,RUSSELL PL
174,VANDERVOORT AVE
250,SCHAEFFER
250,STEWART
250,STONE AVE
174,WYCKOFF AVE
250,VAN VOORHIS
250,VANDERVEER
250,VIGELIUS
250,WOODBINE
